
{
    "openapi": "3.0.0",
    "info": {
    "version": "1.0.0",
    "title": "SAWAGGER",
    "description": "A minimal and easy to follow example of what you need to create a CRUD style API in NodeJs using TypeScript",
    "license": {
    "name": "MIT",
    "url": "https://opensource.org/licenses/MIT"
    }
    },
    "host":"3000",
    "basePath":"",
    "tag":[
    {
    "name":"Get data",
    "description":"API FOR GET DATA"
    }
    ],
    
    "schemas":[
    "http",
    "https"
    ],
    "consumes": [
    "application/json"
    ],
    "produces": [
    "application/json"
    ],
    
    "paths": {
    "/getuserdata": {
    "get": {
    "tags": [
    "getuserdata"
    ],
    "summary": "Get all data in system",
    "responses": {
    "200": {
    "description": "OK",
    "schema": {
    "$ref": "#/definitions/getuserdata"
    }
    }
    }
    }
    },
    

    "/getuserdata": {
        "parameters": [
            {
                "name": "user_id",
                "in": "path",
                "required": true,
                "description": "ID of the data that we want to match",
                "type": "string"
            }
        ],
        "get": {
            "tags": [
                "getuserdata"
            ],
            "summary": "Get data with given ID",
            "parameters": [
                {
                    "in": "path",
                    "name": "user_id",
                    "required": true,
                    "description": "product with id",
                    "schema": {
                        "$ref": "#/definitions/getproductbyid"
                    }
                }
            ],
            "responses": {
                "200": {
                    "description": "OK",
                    "schema": {
                        "$ref": "#/definitions/user_id"
                    }
                },
                "404": {
                    "description": "Failed. getproductbyid not found."
                }
            }
        }
}
}
}
